{
  "variants": {
    "": [
      {
        "model": "minecraft:block/cornflower",
        "y": 0
      },
      {
        "model": "minecraft:block/cornflower",
        "y": 90
      },
      {
        "model": "minecraft:block/cornflower",
        "y": 180
      },
      {
        "model": "minecraft:block/cornflower",
        "y": 270
      },
      {
        "model": "minecraft:block/cornflower1",
        "y": 0
      },
      {
        "model": "minecraft:block/cornflower1",
        "y": 90
      },
      {
        "model": "minecraft:block/cornflower1",
        "y": 180
      },
      {
        "model": "minecraft:block/cornflower1",
        "y": 270
      },
      {
        "model": "minecraft:block/cornflower2",
        "y": 0
      },
      {
        "model": "minecraft:block/cornflower2",
        "y": 90
      },
      {
        "model": "minecraft:block/cornflower2",
        "y": 180
      },
      {
        "model": "minecraft:block/cornflower2",
        "y": 270
      },
      {
        "model": "minecraft:block/cornflower3",
        "y": 0
      },
      {
        "model": "minecraft:block/cornflower3",
        "y": 90
      },
      {
        "model": "minecraft:block/cornflower3",
        "y": 180
      },
      {
        "model": "minecraft:block/cornflower3",
        "y": 270
      }
    ]
  }
}