{
  "variants": {
    "": [
      {
        "model": "minecraft:block/dandelion",
        "weight": 64
      },
      {
        "model": "minecraft:block/dandelion1",
        "weight": 32
      },
      {
        "model": "minecraft:block/dandelion2",
        "weight": 32
      },
      {
        "model": "minecraft:block/dandelion_butterfly"
      },
      {
        "model": "minecraft:block/dandelion_butterfly",
        "Y": 90
      },
      {
        "model": "minecraft:block/dandelion_butterfly",
        "Y": 180
      },
      {
        "model": "minecraft:block/dandelion_butterfly",
        "Y": 270
      }
    ]
  }
}